,0
0,0.04585854536169496
1,0.08627986209462382
2,0.11396802897422845
3,0.13569511268151144
4,0.15618655308916488
5,0.17388052721842467
6,0.18999449908190238
7,0.20494127489666528
8,0.2187840775304804
9,0.23179371994863657
10,0.24434881329574337
11,0.25656756209581744
12,0.26760520300991597
13,0.2779854567903958
14,0.28807029634103315
15,0.29777898846303624
16,0.3069010428899123
17,0.31596120420300805
18,0.32453018539382117
19,0.33230679065796703
20,0.33974314042991927
21,0.34669153983175655
22,0.35303201690877994
23,0.3593147031222819
24,0.36530696127549145
25,0.3711918475048759
26,0.37680951518373557
27,0.3821073607127971
28,0.3873149118671626
29,0.39237275311762687
30,0.39737876985781
31,0.4022240874603019
32,0.4069396977588924
33,0.4116442817047932
34,0.4163199757255833
35,0.4208367580264643
36,0.42533118088116917
37,0.42978020283472856
38,0.43408621504971967
39,0.4383037978087961
40,0.44244810582050603
41,0.44650538755228725
42,0.4504857140550389
43,0.4543527108466251
44,0.4581158428385511
45,0.4618448527721188
46,0.4654872169964539
47,0.4689706315661803
48,0.4723677344967708
49,0.47576229233533673
50,0.479046743484555
51,0.48224802912730586
52,0.48543199105328017
53,0.48845780607183775
54,0.4913448608539845
55,0.49417633824193763
56,0.49690456655527443
57,0.49948549687738586
58,0.5020011207785511
59,0.5044953531802305
60,0.5069247388642592
61,0.5092723705797563
62,0.5115991396381122
63,0.5138965953711616
64,0.5161880510992211
65,0.5184455475210206
66,0.5206045948314056
67,0.5227196007713316
68,0.5247876286647779
69,0.5267614483830674
70,0.5286964541732954
71,0.5306074538250637
72,0.5325079433215872
73,0.5343498275822476
74,0.5361726669920985
75,0.5379738416094664
76,0.539764051263094
77,0.541550527408059
78,0.5433201474935927
79,0.545025881873866
80,0.5467233794275468
81,0.5483849874921869
82,0.5500410276199077
83,0.5516859196367901
84,0.553318275255198
85,0.5549373228303143
86,0.5565440792568285
87,0.558111852782708
88,0.5596501693005075
89,0.5611751712486152
90,0.5626897970366267
91,0.5641826457576813
92,0.5656531936681841
93,0.5671181004237185
94,0.568562403946509
95,0.5699991994580248
96,0.5714289827607107
97,0.5728445431004141
98,0.5742492992909506
99,0.5756506982605707
100,0.5770416699806202
101,0.5784276032179452
102,0.5797959871697959
103,0.5811612277423029
104,0.582518783070987
105,0.5838634883260998
106,0.5851906139071885
107,0.5865153331842263
108,0.5878338218908015
109,0.5891459216597406
110,0.590435515750355
111,0.5917166499950541
112,0.5929747031165093
113,0.594231518465427
114,0.5954832670845454
115,0.5967241198789728
116,0.5979576663686733
117,0.599185406299957
118,0.6003950085500223
119,0.601600771543351
120,0.6028022346588727
121,0.6039882603911491
122,0.6051709568436587
123,0.606345197937153
124,0.6075133693767331
125,0.6086748686941049
126,0.6098330591267099
127,0.6109737045567906
128,0.6121095156580946
129,0.6132368571238834
130,0.6143574878189394
131,0.6154734365358673
132,0.616579610235318
133,0.6176798859047778
134,0.6187725833021885
135,0.6198485318158918
136,0.6209239836093752
137,0.6219928512850744
138,0.6230600216888906
139,0.6241169374868095
140,0.6251657338313596
141,0.6262089906900152
142,0.6272473570316698
143,0.6282748069496836
144,0.6292885711090095
145,0.6302984371720244
146,0.6313050727690466
147,0.6323071168397648
148,0.6333014223337355
149,0.6342944232615443
150,0.6352849702629776
151,0.6362701881529392
152,0.6372503089245519
153,0.6382297345325966
154,0.6392027780353301
155,0.6401648536170484
156,0.641123017233856
157,0.6420784242624911
158,0.643030546064559
159,0.6439811440542172
160,0.6449270850496222
161,0.6458700878393815
162,0.6468111876736848
163,0.647745914172527
164,0.6486781762415689
165,0.6496023785126164
166,0.6505229536349252
167,0.6514372180344222
168,0.6523489318352448
169,0.6532581218568175
170,0.6541645177634183
171,0.6550676866711764
172,0.6559636505353816
173,0.6568587740236203
174,0.6577493291338796
175,0.6586375549312123
176,0.659520887866119
177,0.6604006429062115
178,0.6612768412622896
179,0.662149704016151
180,0.6630190772875224
181,0.6638804847818486
182,0.6647399106979945
183,0.665597792610681
184,0.6664485654892761
185,0.667297662918638
186,0.6681431467109485
187,0.6689815018389805
188,0.6698194629866039
189,0.6706509500984545
190,0.6714812009673926
191,0.6723073772212965
192,0.673129246408156
193,0.6739506639477449
194,0.6747619643437353
195,0.6755672361307484
196,0.6763694244487299
197,0.6771691040797616
198,0.6779659681300839
199,0.6787591658222805
200,0.6795487269330509
201,0.680336229066617
202,0.6811210589453348
203,0.6819038789478102
204,0.6826817821237349
205,0.6834579592708268
206,0.6842306959854031
207,0.684998935143637
208,0.6857645736334719
209,0.6865270675712508
210,0.6872893229895072
211,0.688050080344041
212,0.6888030244761281
213,0.6895528022844968
214,0.6903011952723793
215,0.691047623253019
216,0.6917912850598366
217,0.692532160195857
218,0.6932724585612831
219,0.6940087753128741
220,0.6947411973843166
221,0.6954719055109637
222,0.6961989451889976
223,0.696921336438678
224,0.6976362489948958
225,0.6983491589150962
226,0.6990594883579474
227,0.6997671821039875
228,0.7004719673700941
229,0.7011745545650978
230,0.7018733564481394
231,0.7025690284125373
232,0.7032638403707814
233,0.7039567259703071
234,0.7046492607248489
235,0.7053387159873841
236,0.7060238833031871
237,0.7067087287349059
238,0.7073908342003771
239,0.7080726173228765
240,0.7087532317609002
241,0.7094292182675452
242,0.7101034802749825
243,0.7107727105300451
244,0.711440465359835
245,0.7121044289631128
246,0.712768056150869
247,0.7134303829024508
248,0.7140896857893878
249,0.7147478749053859
250,0.7154043278970265
251,0.7160561529572883
252,0.7167048758361062
253,0.7173531296809164
254,0.7179991001015493
255,0.7186414169619189
256,0.7192807078161687
257,0.7199148905897572
258,0.7205482875949911
259,0.7211802304877271
260,0.7218110934142363
261,0.7224390728956744
262,0.723064208396366
263,0.7236872005355415
264,0.724308288801486
265,0.7249282541697293
266,0.725546676860188
267,0.7261644982550653
268,0.7267819315330966
269,0.7273953336374431
270,0.7280030335037967
271,0.7286101317686439
272,0.7292150177878631
273,0.7298195508206234
274,0.730421165838788
275,0.7310209214958087
276,0.7316197945082257
277,0.7322183432401459
278,0.7328135740625118
279,0.7334057724543331
280,0.7339973115267986
281,0.7345825017378026
282,0.7351666517018419
283,0.7357480977987834
284,0.7363288895731439
285,0.7369075613892506
286,0.737484171270878
287,0.7380594114243191
288,0.7386326660735425
289,0.7392050318576874
290,0.7397754800529639
291,0.7403451666479606
292,0.740913235256636
293,0.7414780013029945
294,0.7420420516888101
295,0.7426057152834545
296,0.7431681807738361
297,0.7437290567799084
298,0.74428726853617
299,0.7448435756034006
300,0.7453980031184376
301,0.745951745718394
302,0.7465026635089035
303,0.7470519175773047
304,0.7476001861083283
305,0.7481460377299012
306,0.748690340708152
307,0.7492341071959332
308,0.7497761477058692
309,0.7503163000977116
310,0.7508556457143495
311,0.7513942382966075
312,0.7519307431447113
313,0.7524647658193651
314,0.7529982076444246
315,0.7535311351075893
316,0.7540620965947487
317,0.7545921314350923
318,0.7551204453453532
319,0.755647517964939
320,0.7561731415707769
321,0.7566975665624767
322,0.7572196231848252
323,0.7577408329557946
324,0.7582614976703946
325,0.7587796949979193
326,0.7592971939496634
327,0.7598135658737188
328,0.7603283640686025
329,0.7608410883469444
330,0.7613529571060325
331,0.7618636372445323
332,0.7623728433854094
333,0.7628810274818594
334,0.7633889063671373
335,0.7638955150008405
336,0.7643995125137073
337,0.764903025441379
338,0.7654055280007608
339,0.7659067159494433
340,0.7664067649393621
341,0.7669048277112384
342,0.7673994705475738
343,0.7678929359805711
344,0.7683854438683279
345,0.7688777430132618
346,0.7693678315441679
347,0.7698568146150975
348,0.7703431067187665
349,0.7708291272120258
350,0.7713135940142006
351,0.7717974957219186
352,0.7722806407241567
353,0.772762474735808
354,0.7732421436142808
355,0.7737212826816464
356,0.7741984711202441
357,0.774674449421529
358,0.7751489389388162
359,0.7756229534565582
360,0.7760949637066827
361,0.7765661076282034
362,0.7770362326155343
363,0.777504789023431
364,0.7779723789122873
365,0.7784393543507873
366,0.778904708743716
367,0.7793692745129901
368,0.7798333385652692
369,0.7802958143569392
370,0.7807573462170311
371,0.7812160129365642
372,0.7816738833843178
373,0.782129833693828
374,0.7825846292894374
375,0.7830392121651989
376,0.7834909784405011
377,0.7839409424606588
378,0.7843904093017091
379,0.7848379466228161
380,0.7852848237577799
381,0.7857303529362195
382,0.7861750364359926
383,0.7866191419924591
384,0.7870617392877031
385,0.7875030318638226
386,0.7879440680747948
387,0.7883832602718603
388,0.7888219582470934
389,0.7892595742675873
390,0.7896964782476508
391,0.7901311558585491
392,0.7905654644219261
393,0.7909985558117153
394,0.7914309930828736
395,0.791863012868386
396,0.7922940131588461
397,0.7927238765300426
398,0.7931526331155877
399,0.7935803197029623
400,0.7940075199460729
401,0.7944339777347097
402,0.7948594471561626
403,0.7952848021106793
404,0.7957092294496177
405,0.7961317740751375
406,0.7965536321539766
407,0.7969748849092217
408,0.7973955098043982
409,0.7978145288992657
410,0.7982321661819096
411,0.7986493093956835
412,0.7990649829967595
413,0.7994797515442259
414,0.7998934789779402
415,0.8003065745745608
416,0.8007192122269547
417,0.8011300687075352
418,0.801539580979173
419,0.8019481891404698
420,0.8023559183537566
421,0.8027622365134889
422,0.8031679271190774
423,0.8035722716801731
424,0.803975854640989
425,0.8043779009915327
426,0.8047795495121117
427,0.8051802252421879
428,0.8055795614286775
429,0.8059782263137488
430,0.8063757852799562
431,0.8067718567623473
432,0.8071668859327801
433,0.8075614313593114
434,0.8079547536467174
435,0.8083473005672187
436,0.8087388197581866
437,0.8091294985731879
438,0.809519354296985
439,0.8099078751425516
440,0.8102961347536646
441,0.8106835677809296
442,0.8110698153488315
443,0.8114554210605961
444,0.8118402010298065
445,0.8122244261275536
446,0.812607877897896
447,0.812990575869046
448,0.813372446950423
449,0.8137528887757081
450,0.8141325436344322
451,0.8145114495377763
452,0.8148881592055675
453,0.8152645147141871
454,0.8156403820939805
455,0.8160158546775652
456,0.8163905708870888
457,0.8167647032642494
458,0.817138318755634
459,0.8175117644331515
460,0.8178843456176152
461,0.818255903610433
462,0.818626360553693
463,0.8189965538150994
464,0.8193661533525679
465,0.8197335779672582
466,0.8201000266812083
467,0.8204658688733583
468,0.8208313407942869
469,0.8211957888862258
470,0.8215594837653285
471,0.821922498675138
472,0.8222847982303296
473,0.8226464943739585
474,0.8230067657483955
475,0.8233664737619506
476,0.8237249569028054
477,0.8240827878625543
478,0.8244404723352171
479,0.8247972708745825
480,0.8251526238928437
481,0.8255076311393771
482,0.8258623259600074
483,0.8262165081778116
484,0.826569222108593
485,0.8269215824155716
486,0.8272738041640204
487,0.8276244024704854
488,0.8279740888145346
489,0.8283232016511896
490,0.8286716381386637
491,0.8290196697344044
492,0.8293670498373704
493,0.8297141669213203
494,0.8300601617704064
495,0.8304054703022556
496,0.8307502584301913
497,0.8310943184311406
498,0.8314381449858234
499,0.8317807251255874
500,0.8321225478715403
501,0.8324639746230784
502,0.8328043824149329
503,0.8331444172587225
504,0.8334828771496403
505,0.8338210108990176
506,0.8341588579201915
507,0.8344958256109493
508,0.8348318630347789
509,0.8351666521571521
510,0.8355012991773644
511,0.8358352812695957
512,0.8361683379896989
513,0.8365004190894931
514,0.8368322114215839
515,0.83716298369776
516,0.8374930402624057
517,0.8378225549574005
518,0.8381509746958439
519,0.8384791800063581
520,0.8388062355997463
521,0.8391332525955975
522,0.8394594662579004
523,0.8397848090792057
524,0.8401091600406836
525,0.8404325929212456
526,0.8407557039687108
527,0.8410780041619716
528,0.8414002975229076
529,0.8417217403613645
530,0.8420424864046534
531,0.8423624884383497
532,0.8426819130641081
533,0.8430007675221535
534,0.8433189632471991
535,0.8436363564290028
536,0.8439530210504264
537,0.8442693186383348
538,0.8445849232296438
539,0.8449001581615817
540,0.8452150481885793
541,0.8455289814351489
542,0.8458424098034986
543,0.8461557282427993
544,0.8464687265315908
545,0.8467807252359485
546,0.8470913027402392
547,0.8474012033089929
548,0.8477106566663887
549,0.8480193109221986
550,0.8483273737994957
551,0.8486342229703551
552,0.8489410292607272
553,0.8492476226273016
554,0.8495533654459032
555,0.8498583995127682
556,0.8501630470433995
557,0.850466972998938
558,0.8507703082388013
559,0.851072947244359
560,0.8513753197892443
561,0.8516774073395013
562,0.8519777597086693
563,0.8522778530868337
564,0.8525775316052085
565,0.8528771027439095
566,0.8531759485599364
567,0.8534742154129066
568,0.853771903404795
569,0.8540688446592598
570,0.8543649978254386
571,0.8546603589008129
572,0.8549554067854717
573,0.8552499699574665
574,0.8555440664408784
575,0.8558379810518797
576,0.8561314342260106
577,0.8564242512800978
578,0.8567159964239833
579,0.8570074099961597
580,0.8572982402203543
581,0.8575878668591297
582,0.8578773649839126
583,0.8581662596971329
584,0.8584544073670044
585,0.8587422061294169
586,0.8590288418414723
587,0.8593150300107509
588,0.8596009173792764
589,0.8598865248519233
590,0.8601710736201308
591,0.860454877537452
592,0.860738150725891
593,0.8610212395690257
594,0.8613037750193346
595,0.8615856296335629
596,0.8618668460627538
597,0.8621477135334982
598,0.8624277145991575
599,0.8627072181287968
600,0.8629864204752766
601,0.8632642397858328
602,0.8635416129812622
603,0.8638177568935727
604,0.8640936936691664
605,0.8643692704220263
606,0.8646441509915681
607,0.8649186122144203
608,0.8651929671028424
609,0.8654665401489473
610,0.8657394904337334
611,0.8660119086894562
612,0.8662834573533752
613,0.8665548609068706
614,0.8668259586118503
615,0.8670954988271768
616,0.8673646243101826
617,0.8676333153287051
618,0.8679018774253352
619,0.8681690735413602
620,0.8684361552924238
621,0.8687022098748165
622,0.868966514030858
623,0.869229838946478
624,0.8694923853339683
625,0.8697545821511622
626,0.870016307206517
627,0.8702775756178264
628,0.8705383325225409
629,0.8707985560725169
630,0.8710587007193374
631,0.8713184442220058
632,0.871577522108362
633,0.8718363020237713
634,0.8720944418166182
635,0.8723517402137486
636,0.8726087665670754
637,0.8728651429572525
638,0.8731206568173945
639,0.8733754571839624
640,0.8736298770308215
641,0.873883858997035
642,0.8741376572297942
643,0.8743910992128944
644,0.8746438368801703
645,0.8748957512013046
646,0.8751474183860288
647,0.8753983422494918
648,0.8756489656946077
649,0.8758991028209535
650,0.8761486082376744
651,0.8763974084972773
652,0.8766454534790503
653,0.8768924585197837
654,0.877139348456237
655,0.8773855996467904
656,0.8776316600676145
657,0.8778770027119146
658,0.8781218993685566
659,0.8783662840087287
660,0.8786104327552345
661,0.8788541863486192
662,0.8790974127057655
663,0.8793396283886968
664,0.8795814703587507
665,0.8798231468233811
666,0.880064266224086
667,0.8803048050046404
668,0.880545125762647
669,0.8807850234263828
670,0.8810244263074235
671,0.8812634368906432
672,0.8815010472041644
673,0.8817381591913593
674,0.8819746645037916
675,0.8822108945092204
676,0.882447099173862
677,0.8826819056592925
678,0.8829165382773497
679,0.883150453118883
680,0.8833836455950171
681,0.8836163067559129
682,0.8838486023364373
683,0.884080037783339
684,0.8843110565603949
685,0.8845416222625304
686,0.8847713081498685
687,0.8850007081757907
688,0.8852299550607581
689,0.8854590791933205
690,0.885687762003581
691,0.8859155609965255
692,0.8861428940911933
693,0.8863699295718266
694,0.8865968783737108
695,0.8868232408193509
696,0.8870490093625969
697,0.8872735896931548
698,0.8874980250407579
699,0.8877222574581131
700,0.8879463158296387
701,0.8881698150467512
702,0.8883930467324539
703,0.8886151757115051
704,0.8888371509122578
705,0.8890581466176516
706,0.8892789348294162
707,0.8894993224833848
708,0.8897194529309123
709,0.8899386427865429
710,0.8901575928224696
711,0.8903761903818125
712,0.8905945759861199
713,0.8908126063605184
714,0.8910297095017449
715,0.8912461388941532
716,0.8914618603506248
717,0.8916768205382353
718,0.8918914665408739
719,0.8921048471994846
720,0.8923179984016006
721,0.8925305316989572
722,0.892742314906462
723,0.8929534934022229
724,0.8931643764636648
725,0.893375019794631
726,0.8935849645331198
727,0.8937947460733695
728,0.8940039223665066
729,0.8942126540996357
730,0.8944210570526212
731,0.8946291881785
732,0.8948365787109488
733,0.8950434614971308
734,0.8952499139233233
735,0.8954560566641908
736,0.8956620664296596
737,0.8958675823302084
738,0.8960722609905217
739,0.8962768335203549
740,0.8964808706686966
741,0.8966845412806513
742,0.8968878508246284
743,0.8970905452809054
744,0.8972929575086258
745,0.8974950604716682
746,0.8976968873501476
747,0.8978984320128174
748,0.8980994846716108
749,0.8982998144296365
750,0.8985000766674659
751,0.8986999660337116
752,0.8988991122444054
753,0.8990982053898591
754,0.8992970250511124
755,0.899495260038709
756,0.8996932201272022
757,0.8998905563708922
758,0.9000875228277422
759,0.9002841123977428
760,0.9004801137249617
761,0.900675965072451
762,0.9008711669284248
763,0.9010658571758289
764,0.9012597099025663
765,0.9014533893482867
766,0.9016465471918873
767,0.9018395702755267
768,0.9020323870000089
769,0.9022245799306754
770,0.902416449511367
771,0.9026079799869464
772,0.9027988982683663
773,0.9029896331604974
774,0.9031800982140343
775,0.9033702605547868
776,0.9035599247731629
777,0.9037492385162146
778,0.9039376861473593
779,0.9041257818117949
780,0.9043136383193643
781,0.9045011379016903
782,0.9046884187476435
783,0.9048753185512661
784,0.9050616316417321
785,0.9052473942584068
786,0.9054329690498802
787,0.9056181552656201
788,0.9058028279097713
789,0.9059871804926413
790,0.9061707772750595
791,0.9063543080669064
792,0.9065372605967749
793,0.9067197912943131
794,0.9069015144390876
795,0.9070831541428191
796,0.9072644575075103
797,0.9074453450946368
798,0.9076258155912706
799,0.9078058247912497
800,0.9079856085882405
801,0.9081647442448846
802,0.9083432879366596
803,0.9085214167049107
804,0.908699084482432
805,0.9088762937166235
806,0.9090528279782968
807,0.909229197422878
808,0.909405110911745
809,0.9095806233966754
810,0.9097554271171223
811,0.9099299880733372
812,0.9101043235500825
813,0.910278186627645
814,0.910451533788194
815,0.9106245520793712
816,0.910797249824886
817,0.910969536802358
818,0.9111413349244318
819,0.9113124455310625
820,0.9114832785617459
821,0.9116536343366873
822,0.9118238332230928
823,0.9119932384125875
824,0.9121622881172358
825,0.9123306613579814
826,0.9124987973411449
827,0.912666676564008
828,0.9128336171834868
829,0.9130003181107303
830,0.9131666113291812
831,0.913332443990296
832,0.9134981500239558
833,0.9136635728602966
834,0.9138288035247518
835,0.9139932715691772
836,0.9141574707437709
837,0.9143215114619629
838,0.91448536228996
839,0.9146483155340162
840,0.914811187516745
841,0.9149730770978274
842,0.9151345836608136
843,0.9152957341908378
844,0.9154565929576429
845,0.9156170037737714
846,0.9157767762264063
847,0.9159357116937432
848,0.9160944663849008
849,0.9162528919262554
850,0.9164109525500761
851,0.9165686947314687
852,0.9167259449599726
853,0.9168829342089603
854,0.9170395676544296
855,0.9171958727531492
856,0.9173518106653912
857,0.9175076465388998
858,0.9176630201852318
859,0.9178179817123523
860,0.917972560183136
861,0.9181266860633805
862,0.9182806568651454
863,0.9184340375120973
864,0.91858709331769
865,0.9187399325921192
866,0.9188925446662507
867,0.9190448220839293
868,0.9191968196694639
869,0.9193486734065155
870,0.9194999847258006
871,0.9196512510231237
872,0.9198020565209202
873,0.9199525013076515
874,0.9201028538452494
875,0.9202522417121038
876,0.9204013641890234
877,0.9205502866164887
878,0.9206985961614633
879,0.9208467274796335
880,0.9209942855326
881,0.9211416795970212
882,0.9212887797822423
883,0.9214353396784251
884,0.9215815106037211
885,0.92172726743404
886,0.9218728864961353
887,0.9220180800675474
888,0.9221628799389822
889,0.9223072260854058
890,0.9224512139809112
891,0.9225949508522098
892,0.9227384834930791
893,0.9228813226529679
894,0.9230240344843235
895,0.923166460887657
896,0.9233083557463083
897,0.9234501101598923
898,0.9235915834666447
899,0.9237326962790289
900,0.923873201231191
901,0.9240136150941852
902,0.9241537648929197
903,0.9242934739429616
904,0.9244327950291199
905,0.9245717970355064
906,0.9247104977185179
907,0.9248489511376505
908,0.9249871175481486
909,0.9251251018058047
910,0.9252626136515311
911,0.9254000279454241
912,0.9255368389934638
913,0.9256734382011901
914,0.9258095966219833
915,0.9259455604872252
916,0.9260813190513004
917,0.9262167924805317
918,0.9263514641185866
919,0.9264858576325786
920,0.9266200028374482
921,0.9267538341377771
922,0.9268875706268508
923,0.92702106868563
924,0.9271544315000667
925,0.92728689596575
926,0.9274190875973234
927,0.9275511485606825
928,0.9276829803607253
929,0.9278146808679568
930,0.927946112467116
931,0.9280769954535275
932,0.9282074823308024
933,0.928337587018528
934,0.9284672551130423
935,0.9285968641512854
936,0.9287261872006438
937,0.9288550891952314
938,0.928983508223477
939,0.9291117896747021
940,0.9292398233649203
941,0.9293673826801901
942,0.9294944381752307
943,0.9296213175339542
944,0.9297478117331065
945,0.9298741036138609
946,0.9300000000228223
947,0.9301254600297757
948,0.9302504473443681
949,0.9303752166364128
950,0.9304995233316214
951,0.930623326181107
952,0.9307467695177336
953,0.9308700388595182
954,0.9309931869785228
955,0.9311158794604851
956,0.9312381184341332
957,0.9313601303349524
958,0.9314817228508413
959,0.9316031915563346
960,0.9317244368346052
961,0.9318454106554284
962,0.9319661487992821
963,0.9320866715336974
964,0.9322069079860499
965,0.932326911603986
966,0.932446714037996
967,0.9325663268240016
968,0.9326857929189712
969,0.9328050587860304
970,0.9329239707361087
971,0.9330427191055417
972,0.9331612825433141
973,0.9332794857034151
974,0.9333973400325384
975,0.933514954822389
976,0.9336323626029918
977,0.9337493253519521
978,0.9338657090103869
979,0.9339819319817171
980,0.9340980769676668
981,0.9342137505614369
982,0.9343291108880101
983,0.9344443446891033
984,0.9345592994356119
985,0.9346737352058568
986,0.9347880638641123
987,0.9349021035634613
988,0.9350158524046194
989,0.9351291868448753
990,0.9352423152573928
991,0.9353552259405405
992,0.9354677599535358
993,0.9355800127577245
994,0.9356920410129654
995,0.935804004921982
996,0.9359156682341954
997,0.9360271774621852
998,0.9361383239651038
999,0.9362494004749323
1000,0.9363601626723204
1001,0.9364708993632117
1002,0.9365814077448272
1003,0.9366915924705429
1004,0.9368015165991487
1005,0.9369112839539404
1006,0.9370207784236348
1007,0.9371302005293206
1008,0.9372391732439328
1009,0.9373477755598549
1010,0.9374560000838996
1011,0.9375636755363091
1012,0.9376712412381261
1013,0.9377786001728856
1014,0.937885712187932
1015,0.9379927258608388
1016,0.9380996388525544
1017,0.9382060542572626
1018,0.9383123806632903
1019,0.9384185380712509
1020,0.9385245608084785
1021,0.9386301725800867
1022,0.9387354700392544
1023,0.9388407143758211
1024,0.9389456636859688
1025,0.9390505696758623
1026,0.939155204973121
1027,0.9392595000180487
1028,0.9393635537391414
1029,0.9394674664543042
1030,0.939571235945581
1031,0.9396748142337347
1032,0.9397780276935827
1033,0.9398811478909206
1034,0.9399841470694285
1035,0.9400869449365415
1036,0.9401894771205416
1037,0.9402918398985746
1038,0.9403941023587024
1039,0.9404961491353339
1040,0.9405978759654061
1041,0.9406994019047303
1042,0.9408007475267626
1043,0.9409019231628449
1044,0.9410029505782663
1045,0.9411039720026565
1046,0.9412043855668246
1047,0.9413045234479565
1048,0.9414045578563316
1049,0.9415041937973981
1050,0.9416035869104984
1051,0.9417028459965828
1052,0.9418019696917358
1053,0.9419009446117387
1054,0.9419997554985823
1055,0.9420982801416037
1056,0.942196541096398
1057,0.9422946397452348
1058,0.9423925281853579
1059,0.9424900263161724
1060,0.9425875185579308
1061,0.9426849204689604
1062,0.9427820642876409
1063,0.9428792022491325
1064,0.9429761520731244
1065,0.9430728465644657
1066,0.9431693838932133
1067,0.9432658093362667
1068,0.9433622172141265
1069,0.9434584511927459
1070,0.9435542461626212
1071,0.9436500098070515
1072,0.9437455630324448
1073,0.9438409539646273
1074,0.9439362031515612
1075,0.9440312604151736
1076,0.9441262577047398
1077,0.9442211343833758
1078,0.9443158188327654
1079,0.9444102411108061
1080,0.9445045349768293
1081,0.9445986987418741
1082,0.9446927753756557
1083,0.9447866253126411
1084,0.9448801590633954
1085,0.9449735294438278
1086,0.945066859824567
1087,0.945159997211247
1088,0.9452528716872594
1089,0.9453456593634273
1090,0.9454382580990425
1091,0.945530763068646
1092,0.9456231648459241
1093,0.9457154551007939
1094,0.9458075988940714
1095,0.9458995536703149
1096,0.9459913950886001
1097,0.9460830200649499
1098,0.9461745779226302
1099,0.9462660120655163
1100,0.9463572736284636
1101,0.9464484623111538
1102,0.9465394088860761
1103,0.9466303068890317
1104,0.94672112465041
1105,0.9468115796038623
1106,0.946901839734079
1107,0.9469918350607172
1108,0.9470817814074886
1109,0.9471716973019759
1110,0.9472613615285392
1111,0.9473508728754587
1112,0.9474403153765071
1113,0.9475295653487573
1114,0.947618727412185
1115,0.9477077483294672
1116,0.9477966681321646
1117,0.9478854518555991
1118,0.9479741008063257
1119,0.9480625936460757
1120,0.9481508812037793
1121,0.9482389879024489
1122,0.9483269423715652
1123,0.9484146661859807
1124,0.9485023542963997
1125,0.9485899736119351
1126,0.9486773506093791
1127,0.9487645408459858
1128,0.9488516860096431
1129,0.9489385238843878
1130,0.9490252644303694
1131,0.9491118619118009
1132,0.949198302995451
1133,0.9492846266421431
1134,0.9493708853881218
1135,0.9494568982978716
1136,0.9495428569441751
1137,0.9496286379564037
1138,0.9497142683069449
1139,0.9497996409029293
1140,0.9498849174448382
1141,0.9499701351726663
1142,0.9500552676493952
1143,0.9501400601860917
1144,0.9502247077462067
1145,0.9503093287354611
1146,0.9503939088518613
1147,0.9504782489382341
1148,0.9505625536137885
1149,0.9506466653590183
1150,0.9507306420447355
1151,0.9508145164686489
1152,0.9508980748146796
1153,0.9509815903312107
1154,0.9510650492516173
1155,0.95114845895634
1156,0.9512315832139203
1157,0.9513145868287034
1158,0.9513974324523459
1159,0.9514800594415905
1160,0.9515624953743012
1161,0.951644833544855
1162,0.9517270328891946
1163,0.9518091015716933
1164,0.9518910764881804
1165,0.9519728159189011
1166,0.9520544539928464
1167,0.9521359974913535
1168,0.952217250208151
1169,0.95229838220567
1170,0.9523794194939087
1171,0.9524603318500268
1172,0.9525411512623068
1173,0.952621854002441
1174,0.9527024600384091
1175,0.9527828694538322
1176,0.9528631266651959
1177,0.9529433573630599
1178,0.9530233320845561
1179,0.9531031550290132
1180,0.9531828033922721
1181,0.9532623315333806
1182,0.9533417532317104
1183,0.953421069526132
1184,0.9535003075866091
1185,0.9535793494535615
1186,0.9536582630869527
1187,0.9537370595446967
1188,0.9538156912554563
1189,0.9538942682630024
1190,0.9539726757179924
1191,0.9540508959787515
1192,0.9541289851952635
1193,0.9542069864073514
1194,0.9542848418206844
1195,0.9543625490515971
1196,0.9544401090433582
1197,0.9545175938859184
1198,0.9545948241988812
1199,0.9546718926201596
1200,0.9547489285050399
1201,0.9548258269276216
1202,0.9549025428850629
1203,0.9549791221832588
1204,0.9550555825786058
1205,0.9551319629172051
1206,0.9552082083747481
1207,0.9552844285807319
1208,0.9553606123561473
1209,0.9554365726151118
1210,0.9555124809688019
1211,0.9555882973219226
1212,0.9556640105974397
1213,0.9557396283988638
1214,0.9558150688466445
1215,0.9558903243308973
1216,0.9559655478523613
1217,0.9560405476406777
1218,0.956115532712727
1219,0.9561902941089895
1220,0.9562649636895123
1221,0.9563395280382095
1222,0.9564138847658089
1223,0.9564882150245225
1224,0.9565623649723177
1225,0.9566364406185792
1226,0.9567103570053861
1227,0.9567842109643733
1228,0.9568579100488308
1229,0.956931475609774
1230,0.9570050039880832
1231,0.95707849385171
1232,0.9571518735377238
1233,0.9572250751307754
1234,0.9572981206574644
1235,0.9573711190971977
1236,0.9574440335541459
1237,0.9575168634228324
1238,0.9575895167026879
1239,0.9576620354201587
1240,0.9577344409517542
1241,0.9578067698873786
1242,0.9578789965739462
1243,0.9579511965048233
1244,0.9580231854749214
1245,0.9580950235092741
1246,0.9581666833678099
1247,0.958238161443163
1248,0.9583095704432012
1249,0.9583809650647646
1250,0.958452202230556
1251,0.9585234197597868
1252,0.9585944164302901
1253,0.9586653047778507
1254,0.9587361503787665
1255,0.958806821194534
1256,0.9588774654585611
1257,0.9589479614891804
1258,0.9590183483810569
1259,0.9590884988311515
1260,0.9591585663118376
1261,0.959228525061681
1262,0.9592984153098189
1263,0.9593681738253783
1264,0.9594378663694868
1265,0.9595074489080652
1266,0.9595769950798095
1267,0.9596464203793129
1268,0.9597155881154626
1269,0.9597847316006829
1270,0.959853846832455
1271,0.9599228884446513
1272,0.9599917980629583
1273,0.9600605366628185
1274,0.9601292310246495
1275,0.9601977786763242
1276,0.9602662478773575
1277,0.9603345395781582
1278,0.960402779558514
1279,0.9604709754601767
1280,0.9605389809745162
1281,0.9606069203325751
1282,0.9606747681871928
1283,0.960742511976324
1284,0.9608100658561398
1285,0.9608775815718124
1286,0.960945076032071
1287,0.9610124694733463
1288,0.9610797081229466
1289,0.961146873720207
1290,0.961213998718671
1291,0.9612809123930698
1292,0.9613476727034436
1293,0.9614143689862649
1294,0.9614810177551101
1295,0.9615476051413794
1296,0.9616141578051616
1297,0.9616805099924691
1298,0.9617467462724435
1299,0.9618128022223791
1300,0.9618788185295338
1301,0.9619447498915144
1302,0.9620106134719878
1303,0.9620763980027167
1304,0.9621420032359037
1305,0.9622075223257103
1306,0.9622729989620501
1307,0.9623384728323181
1308,0.9624038033639781
1309,0.9624689889827912
1310,0.962534087776266
1311,0.9625990578199313
1312,0.9626639382594395
1313,0.9627286812047819
1314,0.962793320639127
1315,0.9628578096476017
1316,0.9629221958652774
1317,0.9629865202606099
1318,0.9630507397619092
1319,0.9631147319991764
1320,0.9631786781182503
1321,0.9632424832632616
1322,0.9633061999322143
1323,0.9633698423123803
1324,0.9634334017868721
1325,0.9634968806501272
1326,0.9635601999416292
1327,0.9636233856331358
1328,0.963686455168745
1329,0.9637494506322642
1330,0.9638123594935157
1331,0.9638751085854376
1332,0.9639377608967119
1333,0.9640003529790024
1334,0.9640629183757105
1335,0.964125265654269
1336,0.9641875515438783
1337,0.9642497728259523
1338,0.9643118724008649
1339,0.9643738995862752
1340,0.9644357738028135
1341,0.9644976082873429
1342,0.9645593823198182
1343,0.9646210111590152
1344,0.9646825491321148
1345,0.9647440268889774
1346,0.9648054782024481
1347,0.9648668705998632
1348,0.9649280095957793
1349,0.9649891194077254
1350,0.9650501076654726
1351,0.9651110360511486
1352,0.9651718160950682
1353,0.9652324796644187
1354,0.9652931176444179
1355,0.965353708269777
1356,0.9654141578190983
1357,0.9654745093640723
1358,0.9655347768434065
1359,0.9655948960064781
1360,0.9656549334620818
1361,0.9657148104727714
1362,0.965774633602421
1363,0.9658343724879745
1364,0.9658940056254541
1365,0.9659535253157473
1366,0.9660129635598835
1367,0.9660723360046516
1368,0.966131605518405
1369,0.9661908495575291
1370,0.9662500223543695
1371,0.96630910127685
1372,0.96636816017399
1373,0.9664271782301429
1374,0.9664860341141802
1375,0.9665447760539031
1376,0.9666034466429938
1377,0.9666620194189403
1378,0.9667205311054888
1379,0.9667789641565664
1380,0.9668373825614847
1381,0.9668956094637283
1382,0.9669537693938913
1383,0.9670118958125203
1384,0.967069991759745
1385,0.9671280460055685
1386,0.9671859646883777
1387,0.9672438253282922
1388,0.9673016577912398
1389,0.9673594169405365
1390,0.9674170612213704
1391,0.9674745961722585
1392,0.9675321087141405
1393,0.9675895130159345
1394,0.9676468212317858
1395,0.9677040828450625
1396,0.9677612399467121
1397,0.9678182420272431
1398,0.9678751786971855
1399,0.9679320515498989
1400,0.9679889140266562
1401,0.968045734432353
1402,0.9681023749923922
1403,0.9681589206838151
1404,0.968215373679964
1405,0.9682716908964017
1406,0.9683279963283536
1407,0.9683842067897144
1408,0.9684403774489583
1409,0.9684964418948673
1410,0.9685523875972635
1411,0.9686082533576339
1412,0.9686640438413348
1413,0.9687198080282328
1414,0.9687754717187692
1415,0.9688310739566219
1416,0.9688866295664064
1417,0.9689420515634484
1418,0.9689974461802032
1419,0.9690526854380471
1420,0.9691078346328466
1421,0.9691628961227734
1422,0.9692179301049443
1423,0.9692727946046669
1424,0.9693276185884477
1425,0.969382400762479
1426,0.969437154434498
1427,0.9694918100001946
1428,0.969546409396787
1429,0.9696008610570997
1430,0.96965530603805
1431,0.9697096800252806
1432,0.9697639502465764
1433,0.9698181294806792
1434,0.969872259218667
1435,0.9699262922269949
1436,0.9699802518579375
1437,0.9700340950206844
1438,0.9700878691017429
1439,0.9701415631260538
1440,0.9701951979793716
1441,0.9702487171101858
1442,0.970302157015986
1443,0.9703554976969254
1444,0.9704087904974161
1445,0.9704619707238814
1446,0.970515085915791
1447,0.9705681346104412
1448,0.9706210889049228
1449,0.9706739733433434
1450,0.9707268084641051
1451,0.9707796273230411
1452,0.9708323274002237
1453,0.9708849432269369
1454,0.9709374895321944
1455,0.9709899142705063
1456,0.9710423057235411
1457,0.9710946073334151
1458,0.9711468215793955
1459,0.9711989709660898
1460,0.9712510890209657
1461,0.9713030874145537
1462,0.9713550177589503
1463,0.9714068120240841
1464,0.9714585308213453
1465,0.9715102010307061
1466,0.9715618247076002
1467,0.9716134166384025
1468,0.9716649251026681
1469,0.9717163720218351
1470,0.9717677465068857
1471,0.971819062286204
1472,0.9718703135217214
1473,0.9719214574572328
1474,0.9719725487768315
1475,0.9720235985926056
1476,0.9720746367258688
1477,0.9721255634546324
1478,0.9721764364330114
1479,0.9722272174235679
1480,0.9722778407448424
1481,0.9723284318101499
1482,0.9723789861421509
1483,0.9724294948212194
1484,0.972479921136356
1485,0.9725302381534139
1486,0.9725805214103738
1487,0.9726307479979147
1488,0.9726808569254272
1489,0.9727308785304732
1490,0.9727807511691662
1491,0.9728305264249217
1492,0.9728802530672833
1493,0.9729299242384322
1494,0.9729795547693572
1495,0.9730291022288986
1496,0.9730785949916
1497,0.973128012056985
1498,0.9731773991162265
1499,0.9732267291300162
1500,0.9732759779621466
1501,0.9733251064255376
1502,0.9733741451859834
1503,0.9734231036889183
1504,0.9734720371028167
1505,0.9735208927798987
1506,0.9735696783714759
1507,0.9736183987914686
1508,0.973667050582287
1509,0.9737156836256392
1510,0.9737642817999151
1511,0.9738127629323861
1512,0.9738612048905237
1513,0.973909548254771
1514,0.9739578715968646
1515,0.9740061226737379
1516,0.9740543533619848
1517,0.974102531239929
1518,0.9741505927484657
1519,0.9741985589294988
1520,0.9742465123604703
1521,0.9742943682173014
1522,0.9743420610894037
1523,0.9743897310553717
1524,0.9744373608336301
1525,0.9744848862277301
1526,0.9745323829732289
1527,0.9745797763479458
1528,0.9746271610165472
1529,0.9746743829999713
1530,0.9747214868612928
1531,0.9747685412742998
1532,0.9748155661591712
1533,0.9748625139796239
1534,0.97490938629715
1535,0.9749562242299811
1536,0.9750030077814572
1537,0.9750497028696218
1538,0.9750963628815734
1539,0.9751430049777924
1540,0.9751895951273095
1541,0.9752360796402879
1542,0.9752825010689825
1543,0.9753288737090136
1544,0.9753752323179221
1545,0.9754215214977899
1546,0.9754677264048812
1547,0.9755138660607201
1548,0.9755598984356734
1549,0.975605904306687
1550,0.9756518087030165
1551,0.9756976968725742
1552,0.9757435339239771
1553,0.975789241129339
1554,0.9758349076020623
1555,0.9758805360062437
1556,0.9759261263227631
1557,0.9759716730354102
1558,0.9760171064602069
1559,0.9760624696784035
1560,0.9761077849619771
1561,0.9761530310268336
1562,0.97619823974016
1563,0.976243414151646
1564,0.9762885513996182
1565,0.97633358922834
1566,0.9763785353018697
1567,0.9764234510983849
1568,0.976468313546042
1569,0.9765130763641251
1570,0.9765577765854925
1571,0.9766023904053552
1572,0.9766469955605298
1573,0.9766914614019221
1574,0.9767359078903717
1575,0.9767803105391318
1576,0.9768246456581356
1577,0.9768688938020255
1578,0.9769131081890039
1579,0.9769572637682751
1580,0.977001322168559
1581,0.9770453705019985
1582,0.977089345591895
1583,0.9771332921510988
1584,0.9771772106353107
1585,0.9772210193593698
1586,0.9772648098267173
1587,0.9773085261423069
1588,0.9773521741728879
1589,0.977395786990227
1590,0.9774392629379972
1591,0.9774826748837087
1592,0.977526040516837
1593,0.9775693108734491
1594,0.977612549544517
1595,0.9776557171103302
1596,0.9776988627674521
1597,0.9777419197541257
1598,0.9777849503611418
1599,0.9778279118482288
1600,0.9778708638580145
1601,0.9779137269806549
1602,0.9779565326945576
1603,0.9779992737531242
1604,0.9780419999775153
1605,0.9780846477448915
1606,0.9781272139227083
1607,0.9781697244221756
1608,0.9782122072864183
1609,0.9782546240198742
1610,0.978297012350106
1611,0.978339361435897
1612,0.9783816022592928
1613,0.978423814166403
1614,0.9784659821222886
1615,0.9785080625995588
1616,0.9785501281279314
1617,0.9785921094631955
1618,0.9786340730739301
1619,0.9786759779311317
1620,0.9787178364120158
1621,0.9787596645776447
1622,0.9788014001882152
1623,0.978843074559612
1624,0.9788847208592036
1625,0.9789262742946251
1626,0.9789677736992307
1627,0.9790092007462011
1628,0.9790506002121211
1629,0.9790919298028596
1630,0.9791332074245893
1631,0.9791744469522835
1632,0.9792156467639023
1633,0.9792567820253467
1634,0.9792978035496134
1635,0.9793387953672882
1636,0.9793797471310954
1637,0.9794206700041107
1638,0.9794615843749604
1639,0.9795024191989375
1640,0.9795431838832357
1641,0.9795838920287704
1642,0.9796245883993794
1643,0.979665225261203
1644,0.9797058344623082
1645,0.9797463435653917
1646,0.9797868050525241
1647,0.9798272163392766
1648,0.9798675835983233
1649,0.9799078953064893
1650,0.9799481892646319
1651,0.9799884581273647
1652,0.980028622312761
1653,0.980068750555157
1654,0.9801088307131541
1655,0.9801488763558008
1656,0.9801888004697425
1657,0.980228660122738
1658,0.9802684715065051
1659,0.9803082611504771
1660,0.9803480298099063
1661,0.9803877771629341
1662,0.980427438662573
1663,0.9804670892413269
1664,0.9805066295181857
1665,0.9805461145405286
1666,0.9805855885591319
1667,0.9806250299393621
1668,0.9806643628532472
1669,0.9807036541167187
1670,0.9807428155245891
1671,0.9807819394247802
1672,0.9808210530860441
1673,0.9808600903138595
1674,0.9808990873603386
1675,0.9809380321541908
1676,0.9809769019326845
1677,0.9810156631046175
1678,0.9810544149872655
1679,0.9810930798533722
1680,0.9811317045158355
1681,0.9811702881779758
1682,0.981208809552512
1683,0.9812472966602619
1684,0.9812857459321004
1685,0.9813241688752689
1686,0.9813625409807136
1687,0.9814008464423098
1688,0.9814390769586553
1689,0.9814772705249971
1690,0.9815154501653781
1691,0.9815535502461397
1692,0.9815915944924025
1693,0.9816296020499728
1694,0.9816675577086421
1695,0.981705454346094
1696,0.9817433100756376
1697,0.98178111838362
1698,0.9818188382187307
1699,0.9818565041600544
1700,0.9818941448657525
1701,0.9819317339497942
1702,0.9819692633593411
1703,0.9820067386106034
1704,0.9820441526736796
1705,0.982081495338323
1706,0.9821187856164973
1707,0.9821560698335327
1708,0.9821932441406394
1709,0.9822304046078267
1710,0.9822675463530416
1711,0.9823045611553163
1712,0.9823415503746131
1713,0.9823784835012871
1714,0.9824153739354904
1715,0.98245220332491
1716,0.9824889372338633
1717,0.9825255770326394
1718,0.982562167386288
1719,0.9825987467266366
1720,0.9826352597386219
1721,0.9826717520911097
1722,0.9827081895969816
1723,0.9827445725207353
1724,0.9827809455114868
1725,0.9828172680756012
1726,0.982853561599148
1727,0.9828898018535047
1728,0.9829259666431754
1729,0.9829620850214748
1730,0.9829981397227606
1731,0.9830341161263676
1732,0.9830700850539325
1733,0.983105947149939
1734,0.9831417718179343
1735,0.9831774685200527
1736,0.9832131542088712
1737,0.9832488092988166
1738,0.9832844164318321
1739,0.9833199317777882
1740,0.9833553889916216
1741,0.9833907684144643
1742,0.983426131999315
1743,0.9834614163559648
1744,0.9834966615924557
1745,0.9835318809527906
1746,0.9835670214513974
1747,0.9836020948472681
1748,0.9836371175105769
1749,0.9836720891704526
1750,0.9837070363658886
1751,0.98374193633734
1752,0.9837767907036598
1753,0.9838116080339346
1754,0.9838463714927296
1755,0.9838810904617445
1756,0.9839157847655566
1757,0.9839504674569657
1758,0.9839850722777161
1759,0.984019640693392
1760,0.9840541697817721
1761,0.9840886026312469
1762,0.9841229886837572
1763,0.9841573468907195
1764,0.9841916607895448
1765,0.9842258937106607
1766,0.9842600915938042
1767,0.9842942543752411
1768,0.9843283321286491
1769,0.9843623780499239
1770,0.9843963787229796
1771,0.9844303415155099
1772,0.9844642593880532
1773,0.9844981571046005
1774,0.9845319862015337
1775,0.9845657527559254
1776,0.9845994888707799
1777,0.9846331668088973
1778,0.9846667863376475
1779,0.9847003616251817
1780,0.9847338607437651
1781,0.9847672752709001
1782,0.9848006488773801
1783,0.9848339709960456
1784,0.9848672437874922
1785,0.9849004683192706
1786,0.9849336688008827
1787,0.9849668165805407
1788,0.9849998753583317
1789,0.985032883343013
1790,0.9850658813532647
1791,0.9850988598512377
1792,0.9851317337324218
1793,0.9851645516930659
1794,0.9851973112793966
1795,0.9852300330011354
1796,0.9852627135472817
1797,0.9852953584945932
1798,0.9853279531044957
1799,0.985360464821471
1800,0.9853929184509375
1801,0.9854253489384527
1802,0.9854577359240706
1803,0.9854900334839879
1804,0.9855222744477807
1805,0.9855544940382511
1806,0.985586685674825
1807,0.9856188280479141
1808,0.9856509144940898
1809,0.9856829330535966
1810,0.9857149127765623
1811,0.9857468739018377
1812,0.9857788080579125
1813,0.9858106749391685
1814,0.9858425233948168
1815,0.9858743005922479
1816,0.985906030524267
1817,0.9859376551830331
1818,0.9859692697717681
1819,0.9860008221653139
1820,0.986032287660227
1821,0.9860636946087438
1822,0.9860950467998728
1823,0.98612637132391
1824,0.9861576105331137
1825,0.9861888268011293
1826,0.986220033642831
1827,0.9862512035504627
1828,0.9862823166452731
1829,0.9863133479529476
1830,0.9863443607904003
1831,0.9863753474011581
1832,0.9864062946495662
1833,0.9864371725358547
1834,0.9864680036921
1835,0.9864988134845829
1836,0.9865295948579084
1837,0.9865603253839499
1838,0.9865909637564596
1839,0.9866215678813032
1840,0.9866521196802255
1841,0.986682606355364
1842,0.9867130583335091
1843,0.9867435055761902
1844,0.9867738695403511
1845,0.9868041940051334
1846,0.9868344974981199
1847,0.9868647385441663
1848,0.9868949566267178
1849,0.9869251205701048
1850,0.9869552121622301
1851,0.9869852903892572
1852,0.9870153391518829
1853,0.987045365387594
1854,0.9870753478027361
1855,0.9871052813304263
1856,0.9871351905944401
1857,0.98716504757396
1858,0.987194869748138
1859,0.9872246526205141
1860,0.9872543706208572
1861,0.9872840243323369
1862,0.987313642690359
1863,0.9873431973649944
1864,0.987372702562635
1865,0.9874021887578718
1866,0.9874316108108343
1867,0.9874609797125152
1868,0.9874903091211912
1869,0.9875195873256707
1870,0.9875488232423928
1871,0.9875780266737043
1872,0.9876071302683052
1873,0.9876361996630407
1874,0.9876652218879658
1875,0.9876942060507224
1876,0.9877231361603562
1877,0.9877520248840741
1878,0.9877808618267995
1879,0.9878096525939706
1880,0.9878383970135047
1881,0.9878670778133863
1882,0.9878957091617669
1883,0.9879243018966768
1884,0.9879528515025355
1885,0.9879813209369247
1886,0.9880097803172163
1887,0.9880381740064883
1888,0.9880665222754584
1889,0.9880948403024679
1890,0.9881231481957118
1891,0.9881514125073906
1892,0.9881796254587237
1893,0.988207762151878
1894,0.9882358580614061
1895,0.9882639282349939
1896,0.9882919089573872
1897,0.9883198568884449
1898,0.9883477545394547
1899,0.9883756196285726
1900,0.9884034253554942
1901,0.9884312206204182
1902,0.9884589903437918
1903,0.9884866701762037
1904,0.9885143308150088
1905,0.9885419116551906
1906,0.9885694639168788
1907,0.9885969744038714
1908,0.9886244406847019
1909,0.9886518475619088
1910,0.9886791799304453
1911,0.9887064710277877
1912,0.9887337185212579
1913,0.9887609373756869
1914,0.9887881189741875
1915,0.988815238023773
1916,0.9888423074147208
1917,0.9888693190495785
1918,0.9888962554364471
1919,0.9889231307498515
1920,0.9889499810570741
1921,0.9889767738312769
1922,0.9890035107996615
1923,0.9890302357764237
1924,0.9890569273468135
1925,0.98908358116574
1926,0.9891101838617316
1927,0.9891367193785058
1928,0.9891632303623259
1929,0.9891896719888065
1930,0.9892160629241524
1931,0.9892424215668842
1932,0.9892687484459972
1933,0.9892949781349694
1934,0.9893211902571546
1935,0.9893473673636746
1936,0.9893735187342542
1937,0.9893995902520362
1938,0.9894256198437533
1939,0.9894515119938855
1940,0.9894773797289722
1941,0.9895031840053358
1942,0.9895289671649077
1943,0.9895546733174219
1944,0.9895803570561499
1945,0.9896059822564485
1946,0.9896315813463672
1947,0.989657108975712
1948,0.9896825944144944
1949,0.9897080741952576
1950,0.9897335000009726
1951,0.9897588941052098
1952,0.9897842707127679
1953,0.9898095719655817
1954,0.9898348165553501
1955,0.9898599848502923
1956,0.9898851375319061
1957,0.9899102365953841
1958,0.9899352698881745
1959,0.9899602267793837
1960,0.9899851259336231
1961,0.9900099775228989
1962,0.9900347709370312
1963,0.9900595503550949
1964,0.9900842798101891
1965,0.9901089750542645
1966,0.9901335949786497
1967,0.9901581851677626
1968,0.9901827297517438
1969,0.9902072255056341
1970,0.9902316719450522
1971,0.9902560774940892
1972,0.9902804285868833
1973,0.9903047684719877
1974,0.9903289944844788
1975,0.9903531950287138
1976,0.9903773281101136
1977,0.9904014553773451
1978,0.9904254715858359
1979,0.990449467812007
1980,0.9904734373462222
1981,0.9904973812767457
1982,0.9905212746149229
1983,0.9905451220914376
1984,0.9905689464005073
1985,0.9905927062550042
1986,0.9906164059761189
1987,0.9906400367382339
1988,0.9906636535871349
1989,0.9906871979206582
1990,0.9907107178439161
1991,0.9907341265363505
1992,0.9907575074230708
1993,0.990780765885618
1994,0.9908040063798518
1995,0.9908272229322678
1996,0.9908503753503762
1997,0.9908735154948375
1998,0.9908966460329353
1999,0.9909196591770955
2000,0.9909426464674067
2001,0.9909656233642349
2002,0.9909885681086645
2003,0.9910114823179554
2004,0.9910343285625028
2005,0.9910571242465711
2006,0.9910798682436551
2007,0.9911025648717587
2008,0.9911251776700398
2009,0.9911477526977372
2010,0.9911702806209519
2011,0.9911927854022153
2012,0.9912152724525758
2013,0.9912377419265891
2014,0.9912601182097935
2015,0.9912824434194571
2016,0.9913046714102994
2017,0.991326884030004
2018,0.9913490811367619
2019,0.9913712180591501
2020,0.9913932630160227
2021,0.9914153000666462
2022,0.9914373028281763
2023,0.9914592373142579
2024,0.9914811431230577
2025,0.9915029978806237
2026,0.9915248013033379
2027,0.9915465407064663
2028,0.9915681817069074
2029,0.9915897766799767
2030,0.9916113541547736
2031,0.9916328647881454
2032,0.9916543159461924
2033,0.9916757391567161
2034,0.9916971287616977
2035,0.9917184808765269
2036,0.9917397928578205
2037,0.9917610834371113
2038,0.9917822945284838
2039,0.9918034672151156
2040,0.9918246120482325
2041,0.9918456952040019
2042,0.9918667380557463
2043,0.9918877643381467
2044,0.9919087136660703
2045,0.9919296073044908
2046,0.991950450297984
2047,0.9919712113354453
2048,0.9919919448109764
2049,0.9920126246492514
2050,0.9920332622826238
2051,0.9920538863724415
2052,0.9920744675387515
2053,0.9920949683790361
2054,0.9921154476006209
2055,0.992135875106541
2056,0.9921562569945827
2057,0.9921765735644508
2058,0.9921968477796403
2059,0.9922170783590906
2060,0.9922372552311769
2061,0.9922573748188075
2062,0.9922774712517399
2063,0.9922975539754084
2064,0.9923175901108426
2065,0.9923376191845081
2066,0.9923575612129518
2067,0.9923774888342403
2068,0.9923974012437269
2069,0.9924172442305462
2070,0.9924370465420879
2071,0.9924567852769977
2072,0.9924764999043804
2073,0.9924961693727721
2074,0.9925158046014646
2075,0.9925354132433628
2076,0.9925549825117579
2077,0.9925745233833025
2078,0.9925940194384285
2079,0.9926134862028293
2080,0.9926329404434255
2081,0.9926523113003398
2082,0.9926716535946942
2083,0.992690976075625
2084,0.9927102300867173
2085,0.992729455624478
2086,0.9927486354376052
2087,0.9927678003432622
2088,0.992786937510126
2089,0.9928060266164915
2090,0.9928250691521497
2091,0.99284408957198
2092,0.9928630775287067
2093,0.9928819893658768
2094,0.992900873602876
2095,0.9929196794179144
2096,0.9929384764312356
2097,0.9929572461726179
2098,0.992975948424078
2099,0.9929946127774857
2100,0.9930132350375258
2101,0.9930318286872053
2102,0.9930503921841523
2103,0.9930689157993144
2104,0.9930874166644917
2105,0.9931058948768791
2106,0.9931243392287866
2107,0.9931427560060171
2108,0.9931611473245517
2109,0.9931795045722832
2110,0.993197780845492
2111,0.9932160252865676
2112,0.9932342365140673
2113,0.9932523950651065
2114,0.9932705389014722
2115,0.9932886637370275
2116,0.9933067392851977
2117,0.9933247375888996
2118,0.9933427207540941
2119,0.9933606700986429
2120,0.9933785812742683
2121,0.9933964680236946
2122,0.9934142932359892
2123,0.9934320467407391
2124,0.9934497688977372
2125,0.9934674620810886
2126,0.9934851314516844
2127,0.9935027729177777
2128,0.9935203815160542
2129,0.9935379662378406
2130,0.9935555051314252
2131,0.9935730083385402
2132,0.9935904769522302
2133,0.9936078872155071
2134,0.9936252855508958
2135,0.9936426239472922
2136,0.9936599203809765
2137,0.9936771640983664
2138,0.9936943852410408
2139,0.9937115629901665
2140,0.9937287059259835
2141,0.9937458318606562
2142,0.9937629218156813
2143,0.9937799973157502
2144,0.9937970475228326
2145,0.9938140703719348
2146,0.9938310233267355
2147,0.9938479532989206
2148,0.9938648365283157
2149,0.9938816850559372
2150,0.9938985090633516
2151,0.9939152577701961
2152,0.993931972830071
2153,0.993948674571055
2154,0.9939653249166395
2155,0.9939819569640851
2156,0.9939985422464335
2157,0.9940150900242893
2158,0.994031632285935
2159,0.9940481188039036
2160,0.994064583457795
2161,0.9940810024858412
2162,0.9940974096545137
2163,0.994113749228102
2164,0.9941300735628015
2165,0.9941463942072807
2166,0.9941626514440242
2167,0.994178863048549
2168,0.9941950308277246
2169,0.9942111667731737
2170,0.9942272826375147
2171,0.9942433779092793
2172,0.9942593852722214
2173,0.9942753744469663
2174,0.9942913211586845
2175,0.9943072490831023
2176,0.9943231443356866
2177,0.9943389910481713
2178,0.9943547436329518
2179,0.9943704505504598
2180,0.9943861204606034
2181,0.9944017519723797
2182,0.9944173585926961
2183,0.9944329524709177
2184,0.9944484561426925
2185,0.9944639497396561
2186,0.9944793852953184
2187,0.9944947932030092
2188,0.9945101904160718
2189,0.9945255717290014
2190,0.9945409253095113
2191,0.9945562330650061
2192,0.9945715099220762
2193,0.9945867735670105
2194,0.9946019898827985
2195,0.9946171384075191
2196,0.9946322551638408
2197,0.9946473633909099
2198,0.9946624332929063
2199,0.994677472669324
2200,0.9946924990375561
2201,0.994707495339097
2202,0.9947224559493882
2203,0.994737400081157
2204,0.9947522646007253
2205,0.9947670994917764
2206,0.9947819001590619
2207,0.9947966834300498
2208,0.994811436919558
2209,0.9948261521254208
2210,0.9948408450162858
2211,0.9948554920964758
2212,0.9948701214712568
2213,0.9948847209434626
2214,0.9948992938527745
2215,0.994913839141202
2216,0.994928346526797
2217,0.9949428242902482
2218,0.9949572816507327
2219,0.9949716879297096
2220,0.9949860262981172
2221,0.9950003592188291
2222,0.9950146603424618
2223,0.9950289354003287
2224,0.9950431806002344
2225,0.9950574065316455
2226,0.995071602340598
2227,0.995085770923819
2228,0.9950998983680948
2229,0.9951139898390963
2230,0.9951280538485492
2231,0.9951420791473365
2232,0.9951560857225581
2233,0.9951700614806163
2234,0.9951840252199647
2235,0.9951979525749522
2236,0.9952118615107056
2237,0.9952257635822669
2238,0.9952396295530851
2239,0.9952534624983439
2240,0.9952672749370677
2241,0.9952810777726147
2242,0.9952948574343431
2243,0.9953085887870091
2244,0.9953223066869421
2245,0.9953359976622886
2246,0.9953496686521287
2247,0.9953633179770616
2248,0.9953769424886092
2249,0.9953905253433697
2250,0.9954040846036648
2251,0.9954175907668527
2252,0.9954310785841008
2253,0.9954445591866179
2254,0.9954580213460003
2255,0.9954714666014333
2256,0.9954848839157165
2257,0.9954982783047454
2258,0.995511628442998
2259,0.995524968087386
2260,0.9955382946606505
2261,0.9955515939651628
2262,0.9955648824802422
2263,0.995578125363103
2264,0.9955913543231897
2265,0.995604544770984
2266,0.9956177114123962
2267,0.9956308558925697
2268,0.9956439753171673
2269,0.9956570880392988
2270,0.9956701657226612
2271,0.9956832225624932
2272,0.9956962535397127
2273,0.9957092540734116
2274,0.9957222421390736
2275,0.995735213196421
2276,0.9957481710145456
2277,0.995761107473688
2278,0.9957740080312573
2279,0.9957868839084868
2280,0.9957997292179137
2281,0.9958125244074253
2282,0.9958253008430972
2283,0.9958380662662658
2284,0.9958508091147191
2285,0.9958635262120952
2286,0.9958762333573487
2287,0.9958888989669104
2288,0.9959015547494282
2289,0.9959141963606079
2290,0.995926801347626
2291,0.9959393846657536
2292,0.9959519380104016
2293,0.9959644623343988
2294,0.99597698464678
2295,0.9959894796999691
2296,0.9960019378852127
2297,0.9960143716729378
2298,0.9960267893956172
2299,0.9960391864046249
2300,0.9960515591842135
2301,0.9960639230545333
2302,0.9960762717839557
2303,0.9960886062711356
2304,0.9961009243052867
2305,0.9961132061279564
2306,0.996125471503174
2307,0.996137714905966
2308,0.9961499419816048
2309,0.9961621543083126
2310,0.9961743170337435
2311,0.9961864641498295
2312,0.9961985955952262
2313,0.9962107107692371
2314,0.9962227951985825
2315,0.9962348723311387
2316,0.9962469358348957
2317,0.9962589818005462
2318,0.9962710081798267
2319,0.9962829917519147
2320,0.9962949562013004
2321,0.9963068869909696
2322,0.9963187970438634
2323,0.996330696880137
2324,0.996342559309113
2325,0.9963544094230145
2326,0.9963662262906763
2327,0.9963780243096935
2328,0.996389808835347
2329,0.9964015601410512
2330,0.9964133090917703
2331,0.996425018388555
2332,0.9964367115326592
2333,0.996448394572475
2334,0.9964600420963108
2335,0.9964716718215259
2336,0.9964832647608534
2337,0.9964948412893762
2338,0.996506398557371
2339,0.9965179368165887
2340,0.9965294543979853
2341,0.9965409506180097
2342,0.9965524402303728
2343,0.996563905160006
2344,0.996575328515707
2345,0.9965867353522547
2346,0.9965981203342855
2347,0.9966094817752285
2348,0.9966208303776783
2349,0.9966321587189706
2350,0.9966434523186554
2351,0.996654729463718
2352,0.9966659913690952
2353,0.9966772210989701
2354,0.9966884194476323
2355,0.9966995909147288
2356,0.9967107570217645
2357,0.9967219022183486
2358,0.9967330325632301
2359,0.9967441579280669
2360,0.9967552631902854
2361,0.9967663355926538
2362,0.996777376411453
2363,0.9967883920169338
2364,0.9967993854611759
2365,0.9968103539613772
2366,0.9968213112435319
2367,0.9968322432374803
2368,0.9968431487760866
2369,0.9968540055674566
2370,0.996864847507124
2371,0.9968756557448509
2372,0.9968864400566938
2373,0.996897204876175
2374,0.9969079478331723
2375,0.996918662594879
2376,0.9969293517688279
2377,0.9969400199032631
2378,0.9969506855847216
2379,0.9969612701602052
2380,0.9969718457722458
2381,0.9969824124009264
2382,0.9969929484960616
2383,0.9970034690591297
2384,0.9970139540504501
2385,0.9970244067953639
2386,0.9970348335446196
2387,0.9970452399339296
2388,0.9970556271439729
2389,0.9970659978165394
2390,0.997076347216165
2391,0.9970866815513746
2392,0.9970970043132185
2393,0.9971072832608667
2394,0.9971175182652572
2395,0.9971277257770286
2396,0.99713792083829
2397,0.9971481055004916
2398,0.9971582622669541
2399,0.997168393785841
2400,0.9971784971683916
2401,0.9971885913923126
2402,0.9971986605606578
2403,0.9972087083875476
2404,0.9972187464582981
2405,0.997228757328811
2406,0.997238728414734
2407,0.9972486843557764
2408,0.9972586315126286
2409,0.9972685575471124
2410,0.9972784429190654
2411,0.9972883119232344
2412,0.9972981563585988
2413,0.9973079924814073
2414,0.9973178166946514
2415,0.997327627291843
2416,0.9973373993767423
2417,0.9973471650252663
2418,0.997356924011955
2419,0.9973666675589914
2420,0.9973764026675966
2421,0.9973861177986623
2422,0.9973957984263276
2423,0.997405435011947
2424,0.9974150553938983
2425,0.9974246621287267
2426,0.9974342341856821
2427,0.9974437906324958
2428,0.9974533406062871
2429,0.9974628788983643
2430,0.9974724072152151
2431,0.9974818963760564
2432,0.9974913773207402
2433,0.9975008534805658
2434,0.9975103112354975
2435,0.9975197401530148
2436,0.9975291498028341
2437,0.9975385447292162
2438,0.9975478917026518
2439,0.9975572362820648
2440,0.9975665618702277
2441,0.9975758813980483
2442,0.9975851763817614
2443,0.9975944458948284
2444,0.9976036752385092
2445,0.9976128699568978
2446,0.9976220348683129
2447,0.9976311838206406
2448,0.9976403251487439
2449,0.9976494280840567
2450,0.9976585179562127
2451,0.9976676057115909
2452,0.9976766656700183
2453,0.997685709827101
2454,0.9976947330673588
2455,0.9977037285090724
2456,0.9977127009426769
2457,0.9977216649203233
2458,0.997730613099015
2459,0.9977395484344336
2460,0.9977484626674008
2461,0.9977573334534416
2462,0.9977661933974687
2463,0.9977750348131166
2464,0.9977838531848047
2465,0.9977926529245451
2466,0.9978014363156218
2467,0.9978101984321643
2468,0.9978189330616646
2469,0.997827650288494
2470,0.9978363597962939
2471,0.9978450509119468
2472,0.9978537143135036
2473,0.9978623583031633
2474,0.9978710010308824
2475,0.9978796209536458
2476,0.997888232622011
2477,0.997896823816505
2478,0.9979054027150449
2479,0.9979139496715097
2480,0.9979224757565602
2481,0.9979309852985573
2482,0.9979394786663635
2483,0.997947959053071
2484,0.9979564101992442
2485,0.9979648439435431
2486,0.997973259417587
2487,0.9979816378691294
2488,0.9979900026289349
2489,0.9979983533990452
2490,0.9980066914023636
2491,0.9980150126339815
2492,0.9980232989120751
2493,0.9980315645235012
2494,0.9980398036795851
2495,0.9980480081243354
2496,0.9980561563991849
2497,0.9980642883126237
2498,0.9980724140860523
2499,0.9980805252340353
2500,0.9980886021287756
2501,0.99809664540443
2502,0.9981046803978025
2503,0.9981126922587839
2504,0.9981206828332808
2505,0.9981286525881478
2506,0.9981365980681848
2507,0.9981445381411569
2508,0.998152436176529
2509,0.9981603181237517
2510,0.998168179334199
2511,0.9981760270098552
2512,0.9981838376908938
2513,0.9981916279116049
2514,0.998199383625729
2515,0.9982071114249939
2516,0.9982148290124185
2517,0.9982224780089095
2518,0.9982301044625523
2519,0.9982377273518502
2520,0.9982452951905822
2521,0.9982528304578623
2522,0.9982603525902844
2523,0.9982678610437165
2524,0.9982753334242893
2525,0.9982827900584883
2526,0.9982902277006404
2527,0.9982976442260009
2528,0.9983050456757918
2529,0.9983124133415843
2530,0.9983197556315355
2531,0.9983270856486364
2532,0.9983343860300498
2533,0.9983416689633815
2534,0.9983489392151661
2535,0.9983561886401505
2536,0.9983634190475943
2537,0.9983706252415526
2538,0.998377803358129
2539,0.9983849731964068
2540,0.99839211172836
2541,0.9983992327532771
2542,0.9984063109558649
2543,0.9984133765262996
2544,0.998420399567583
2545,0.9984274117851762
2546,0.9984343873100935
2547,0.9984413587894714
2548,0.9984483099551108
2549,0.9984552530830489
2550,0.9984621680180865
2551,0.9984690702707804
2552,0.9984759336391323
2553,0.9984827892948284
2554,0.9984896339937888
2555,0.9984964633255948
2556,0.9985032656348228
2557,0.9985100518853786
2558,0.9985168010106612
2559,0.9985235399225103
2560,0.9985302747704964
2561,0.9985369828747424
2562,0.9985436596081325
2563,0.9985503276907765
2564,0.9985569869800683
2565,0.9985636106179446
2566,0.998570222037543
2567,0.9985768288622913
2568,0.9985833932160458
2569,0.998589939565238
2570,0.9985964582027242
2571,0.9986029571339402
2572,0.9986094416564075
2573,0.9986158988117328
2574,0.9986223436977928
2575,0.9986287765141555
2576,0.998635188624415
2577,0.9986415896110346
2578,0.9986479717362626
2579,0.9986543352821239
2580,0.9986606898039945
2581,0.998667001144233
2582,0.9986733075769247
2583,0.9986795984130185
2584,0.9986858652682571
2585,0.9986921158668485
2586,0.998698354673784
2587,0.9987045737613041
2588,0.9987107698482834
2589,0.998716929252147
2590,0.9987230654511214
2591,0.9987291858160873
2592,0.998735288806266
2593,0.9987413675654323
2594,0.9987474171955995
2595,0.9987534498779997
2596,0.9987594677055108
2597,0.998765475336717
2598,0.9987714677031422
2599,0.9987774309963358
2600,0.9987833847859375
2601,0.9987893346929209
2602,0.9987952777373054
2603,0.9988011975321868
2604,0.9988071110934481
2605,0.9988130002838796
2606,0.9988188686602579
2607,0.9988246992787995
2608,0.9988305171042587
2609,0.9988363209316576
2610,0.9988420969780395
2611,0.9988478429991575
2612,0.9988535770864123
2613,0.9988592970091007
2614,0.9988650038184416
2615,0.998870703923723
2616,0.99887638110853
2617,0.9988820409998113
2618,0.9988876874523013
2619,0.9988933017531895
2620,0.998898887687501
2621,0.99890444795598
2622,0.9989099974800385
2623,0.9989155431226736
2624,0.9989210770158768
2625,0.9989265955463075
2626,0.9989320954670974
2627,0.998937567577393
2628,0.9989430365846214
2629,0.9989484983325044
2630,0.9989539377785349
2631,0.998959345932581
2632,0.998964728817541
2633,0.9989701024179959
2634,0.9989754313629615
2635,0.9989807394030523
2636,0.9989860376515515
2637,0.9989913129859498
2638,0.9989965528047663
2639,0.9990017771608268
2640,0.9990069815389494
2641,0.9990121576106447
2642,0.9990172996262753
2643,0.9990224382954529
2644,0.9990275565803859
2645,0.9990326671765634
2646,0.9990377585480634
2647,0.9990428456266551
2648,0.999047915189049
2649,0.9990529805788331
2650,0.9990580305186081
2651,0.9990630610695898
2652,0.999068080879736
2653,0.9990730756729452
2654,0.9990780611808528
2655,0.999083022253798
2656,0.9990879705870384
2657,0.9990929017406781
2658,0.9990978314610911
2659,0.9991027465911125
2660,0.9991076486934295
2661,0.9991125325175245
2662,0.9991174065591898
2663,0.9991222688749252
2664,0.9991271197949544
2665,0.9991319559186503
2666,0.9991367890563908
2667,0.9991415931157214
2668,0.9991463907255316
2669,0.9991511706243558
2670,0.9991559408702106
2671,0.9991607011320758
2672,0.9991654478926104
2673,0.9991701912780115
2674,0.999174913911102
2675,0.9991796246513582
2676,0.9991843302016448
2677,0.999189008250947
2678,0.9991936824805686
2679,0.999198343106088
2680,0.9992029807386351
2681,0.999207603638185
2682,0.9992122095728393
2683,0.9992168072260084
2684,0.9992213982635494
2685,0.9992259838525981
2686,0.9992305551579769
2687,0.9992351136654932
2688,0.9992396487159715
2689,0.9992441566829257
2690,0.9992486531107714
2691,0.9992531398669258
2692,0.9992576170330485
2693,0.9992620721952769
2694,0.9992665214242333
2695,0.9992709554023507
2696,0.999275375423835
2697,0.9992797746806602
2698,0.9992841637547241
2699,0.9992885445010953
2700,0.999292901257848
2701,0.9992972452107631
2702,0.9993015745390295
2703,0.9993058982694261
2704,0.9993102170042427
2705,0.9993145262036003
2706,0.9993188238618577
2707,0.9993231046567963
2708,0.9993273756374379
2709,0.9993316403896377
2710,0.9993358956856482
2711,0.9993401088544321
2712,0.9993443148284019
2713,0.99934850131479
2714,0.9993526795862157
2715,0.9993568376558364
2716,0.9993609720620789
2717,0.9993651030087398
2718,0.9993692091424139
2719,0.9993733105621343
2720,0.9993773903101757
2721,0.9993814521655882
2722,0.9993854963283383
2723,0.9993895312312805
2724,0.9993935563151457
2725,0.9993975730836667
2726,0.9994015818698557
2727,0.9994055766420508
2728,0.9994095642799793
2729,0.9994135340001835
2730,0.9994174727837224
2731,0.999421391876128
2732,0.9994252987402972
2733,0.9994291947751994
2734,0.9994330642452162
2735,0.9994369289510884
2736,0.9994407842868126
2737,0.9994446257507502
2738,0.9994484570390966
2739,0.9994522769432888
2740,0.9994560796376064
2741,0.9994598799211714
2742,0.9994636650558723
2743,0.9994674461852661
2744,0.9994712183480301
2745,0.9994749819146204
2746,0.9994787286891946
2747,0.9994824567633068
2748,0.9994861719371833
2749,0.999489877966372
2750,0.9994935591387565
2751,0.9994972292014428
2752,0.9995008870677599
2753,0.9995045358435635
2754,0.9995081731985656
2755,0.9995117972358718
2756,0.9995154151255993
2757,0.9995190302827154
2758,0.9995226320106005
2759,0.9995262232410359
2760,0.9995298039799966
2761,0.9995333689713883
2762,0.9995369286389681
2763,0.999540463858042
2764,0.9995439924837948
2765,0.9995475129208754
2766,0.9995510160018909
2767,0.9995544837768514
2768,0.9995579468864557
2769,0.9995613989341626
2770,0.9995648413699293
2771,0.9995682673132316
2772,0.9995716893277079
2773,0.999575086672998
2774,0.9995784674867864
2775,0.9995818307011239
2776,0.9995851865864068
2777,0.9995885404449366
2778,0.9995918735159027
2779,0.9995951837299296
2780,0.9995984825809142
2781,0.9996017597132157
2782,0.9996050273048798
2783,0.9996082870018466
2784,0.9996115350997548
2785,0.9996147714372766
2786,0.9996180070418532
2787,0.9996212308406328
2788,0.9996244398122077
2789,0.9996276258459804
2790,0.9996307885300676
2791,0.9996339472974783
2792,0.9996370934430929
2793,0.9996402224013392
2794,0.9996433428219678
2795,0.9996464387458912
2796,0.9996495211820277
2797,0.9996525960524955
2798,0.9996556507743367
2799,0.9996586948716577
2800,0.9996617336154905
2801,0.9996647479641948
2802,0.9996677435815656
2803,0.9996707222007797
2804,0.9996736863580666
2805,0.999676637962271
2806,0.9996795756560499
2807,0.9996825033184367
2808,0.9996854241849465
2809,0.9996883363588844
2810,0.999691230569488
2811,0.9996941130224938
2812,0.9996969830259853
2813,0.9996998441743823
2814,0.9997026933923019
2815,0.9997055397186726
2816,0.9997083620305285
2817,0.9997111773182589
2818,0.9997139871180613
2819,0.9997167893991992
2820,0.9997195846834978
2821,0.9997223690122558
2822,0.9997251456899013
2823,0.9997278979847669
2824,0.999730636717356
2825,0.9997333574069428
2826,0.9997360742308407
2827,0.9997387620747186
2828,0.9997414349083547
2829,0.9997440933196985
2830,0.9997467411465553
2831,0.9997493768867854
2832,0.9997520078867715
2833,0.9997546282978889
2834,0.9997572427904728
2835,0.9997598394328511
2836,0.9997624121443659
2837,0.99976496328299
2838,0.9997675022774275
2839,0.9997700357472897
2840,0.9997725647406088
2841,0.9997750859276621
2842,0.9997776000286479
2843,0.9997800880750215
2844,0.999782572208702
2845,0.9997850364010918
2846,0.9997874972848709
2847,0.9997898701580517
2848,0.9997922246962471
2849,0.9997945683808769
2850,0.999796889549148
2851,0.9997992064615563
2852,0.9998015070567697
2853,0.9998037960208582
2854,0.9998060574186347
2855,0.9998083147772453
2856,0.9998105625858573
2857,0.9998127871919704
2858,0.9998149813354426
2859,0.9998171624352766
2860,0.9998193019472364
2861,0.9998214287840226
2862,0.99982352217759
2863,0.9998255895454248
2864,0.9998276456416363
2865,0.9998296832427298
2866,0.999831703774762
2867,0.9998336979044314
2868,0.9998356778261154
2869,0.9998376506398232
2870,0.99983959217031
2871,0.9998415163433375
2872,0.9998434332500489
2873,0.9998453406832429
2874,0.9998472403683288
2875,0.9998491277212116
2876,0.9998509991434883
2877,0.9998528578308403
2878,0.9998547067708164
2879,0.9998565454519484
2880,0.9998583839460597
2881,0.9998602032595103
2882,0.9998620067180394
2883,0.9998637956214299
2884,0.9998655608823551
2885,0.9998673073458224
2886,0.9998690419162564
2887,0.9998707630714011
2888,0.9998724746584229
2889,0.9998741807360064
2890,0.999875874500308
2891,0.9998775654354009
2892,0.9998792399079048
2893,0.9998809007364726
2894,0.9998825534278537
2895,0.9998841850534307
2896,0.9998857898116826
2897,0.9998873916539873
2898,0.9998889801583805
2899,0.9998905611921091
2900,0.9998921346609657
2901,0.9998936840540629
2902,0.9998952278303691
2903,0.9998967627738877
2904,0.9998982875006865
2905,0.9998997991715984
2906,0.9999012980063077
2907,0.9999027643627765
2908,0.9999041952032651
2909,0.9999056156858225
2910,0.9999070160026247
2911,0.9999084007685383
2912,0.9999097734717256
2913,0.9999111364718524
2914,0.9999124920656466
2915,0.9999138341382928
2916,0.9999151715603214
2917,0.9999164958987784
2918,0.9999178068405686
2919,0.9999191053369276
2920,0.9999203967484143
2921,0.9999216868866077
2922,0.9999229632359687
2923,0.999924229523365
2924,0.9999254570824692
2925,0.9999266647365315
2926,0.9999278669007737
2927,0.9999290603997303
2928,0.999930242052757
2929,0.9999314137996695
2930,0.9999325653162957
2931,0.9999337144249576
2932,0.9999348573431196
2933,0.9999359511002699
2934,0.9999370438540022
2935,0.9999381310909268
2936,0.9999392116965885
2937,0.9999402840264413
2938,0.9999413417672967
2939,0.999942387744579
2940,0.9999434250800777
2941,0.9999444606525243
2942,0.9999454746011922
2943,0.9999464836364378
2944,0.9999474897165993
2945,0.9999484911815955
2946,0.9999494813513666
2947,0.9999504649436508
2948,0.9999514442921219
2949,0.9999524148012329
2950,0.9999533626550642
2951,0.9999543012864319
2952,0.999955226003092
2953,0.9999561422532378
2954,0.9999570570993354
2955,0.9999579590083507
2956,0.9999588487552541
2957,0.9999597305461159
2958,0.9999606040012186
2959,0.9999614547742534
2960,0.9999622955063358
2961,0.9999631166360649
2962,0.9999639309890375
2963,0.9999647298488309
2964,0.9999655205622758
2965,0.9999662989553185
2966,0.9999670595512343
2967,0.9999678134625595
2968,0.9999685429606815
2969,0.9999692687027077
2970,0.999969985873357
2971,0.999970698539629
2972,0.9999714102145328
2973,0.9999721170988524
2974,0.9999728168893866
2975,0.9999735119213032
2976,0.9999741968891142
2977,0.9999748618969622
2978,0.9999755230140258
2979,0.9999761751885592
2980,0.9999768024980724
2981,0.9999774133090467
2982,0.9999779989026194
2983,0.9999785824697875
2984,0.9999791502829636
2985,0.9999797159007892
2986,0.9999802514384298
2987,0.9999807749445643
2988,0.9999812937570604
2989,0.9999818081901086
2990,0.999982317339179
2991,0.9999827936855112
2992,0.9999832656586696
2993,0.9999837362826011
2994,0.9999842007701572
2995,0.9999846497871399
2996,0.9999850910790185
2997,0.9999855099828537
2998,0.9999859186200273
2999,0.9999863219439449
3000,0.9999867212319828
3001,0.9999871186102551
3002,0.999987498822794
3003,0.999987878003558
3004,0.9999882554705645
3005,0.9999886285915837
3006,0.9999889761849196
3007,0.9999893204048896
3008,0.9999896619907876
3009,0.9999900020980482
3010,0.9999903310509967
3011,0.9999906570107697
3012,0.9999909751955466
3013,0.9999912919283996
3014,0.9999915897029402
3015,0.9999918817853289
3016,0.999992168339159
3017,0.9999924521263447
3018,0.9999927350619794
3019,0.9999930170786191
3020,0.9999932788956697
3021,0.9999935271997382
3022,0.9999937706383595
3023,0.9999940113934399
3024,0.9999942508525964
3025,0.9999944855823636
3026,0.9999947174854117
3027,0.9999949478339883
3028,0.9999951753145431
3029,0.9999953957078354
3030,0.999995614925328
3031,0.9999958317784496
3032,0.9999960431517595
3033,0.9999962403914241
3034,0.9999964326012266
3035,0.9999966191218649
3036,0.9999968035411361
3037,0.9999969697743886
3038,0.9999971322841594
3039,0.9999972939201469
3040,0.9999974542105922
3041,0.9999976064557926
3042,0.9999977571616959
3043,0.9999979031287617
3044,0.9999980462905317
3045,0.9999981877878137
3046,0.9999983251525688
3047,0.9999984602178948
3048,0.9999985887968167
3049,0.9999987160278935
3050,0.9999988364951473
3051,0.9999989518745434
3052,0.9999990596841006
3053,0.999999164698943
3054,0.9999992645147222
3055,0.9999993601080804
3056,0.9999994481639776
3057,0.9999995340571134
3058,0.9999996083955619
3059,0.9999996764717161
3060,0.9999997429400959
3061,0.9999998063719809
3062,0.9999998468100908
3063,0.9999998807872561
3064,0.999999899330276
3065,0.9999999158927346
3066,0.9999999271421808
3067,0.999999937173303
3068,0.9999999448309562
3069,0.9999999509422934
3070,0.9999999569282687
3071,0.9999999618321636
3072,0.9999999666371145
3073,0.9999999708807884
3074,0.9999999749729511
3075,0.9999999785986213
3076,0.999999981854835
3077,0.9999999848217314
3078,0.9999999875953189
3079,0.9999999901843911
3080,0.9999999921450115
3081,0.9999999939938913
3082,0.9999999957195903
3083,0.9999999970252991
3084,0.999999998227109
3085,0.9999999991730057
3086,0.9999999999999993
3087,1.000000000000002
3088,1.000000000000002
3089,1.000000000000002
